company_name,api_path,web_path,funding_type,series,series_qualifier,announced_on,announced_on_trust_code,closed_on,closed_on_trust_code,money_raised,money_raised_currency_code,money_raised_usd,target_money_raised,target_money_raised_currency_code,target_money_raised_usd,created_at,updated_at
airbnb,**funding-rounds/47de508203de515a569130787dc50dbe**funding-rounds/fb9e4d00991e5bb84d0e2406239b50f9**funding-rounds/d2e9a4b63710e2eaa5c10ec849bde45f**funding-rounds/0ddb5b940c366a61319400490c89804a**funding-rounds/ba7b61b633ca1b0d7d912fed65efc5ec**funding-rounds/e5e53009a100e5790c074f44416c959a**funding-rounds/48ab76afc274d36dddf8a1e26fca313e**funding-rounds/8ab0470b7e24485f60b57ad0378ba13a,**funding-round/47de508203de515a569130787dc50dbe**funding-round/fb9e4d00991e5bb84d0e2406239b50f9**funding-round/d2e9a4b63710e2eaa5c10ec849bde45f**funding-round/0ddb5b940c366a61319400490c89804a**funding-round/ba7b61b633ca1b0d7d912fed65efc5ec**funding-round/e5e53009a100e5790c074f44416c959a**funding-round/48ab76afc274d36dddf8a1e26fca313e**funding-round/8ab0470b7e24485f60b57ad0378ba13a,**private_equity**venture**venture**seed**seed**venture**venture**private_equity,****C**B******a**D**,****************,**2015-11-20**2013-10-28**2011-07-25**2009-01-01**2009-04-01**2010-11-10**2014-04-16**2015-06-28,**7**7**7**7**7**7**7**7,****************2015-12-07,****************7,**100000000**200000000**112000000**20000**600000**7200000**475000000**1500000000,**USD**USD**USD**USD**USD**USD**USD**USD,**100000000**200000000**112000000**20000**600000**7200000**475000000**1500000000,****************,****USD**USD********USD**,****************,**1448075673**1382962802**1306804958**1236161183**1269911976**1289442056**1398152036**1435555250,**1448369200**1427367111**1439245592**1398010189**1398010151**1438648832**1439245680**1449543748
hootsuite,**funding-rounds/67c200fba2b57e339ef0304c54e3f3cd**funding-rounds/6dee1840fc08d6fb710cc7818974a521**funding-rounds/e0ea400582870f1f882a4909f831eac7**funding-rounds/965547bffe2e59bb8e61cf89d65187c4**funding-rounds/66b3f1e664c42fbab4d55b0b04fda29d,**funding-round/67c200fba2b57e339ef0304c54e3f3cd**funding-round/6dee1840fc08d6fb710cc7818974a521**funding-round/e0ea400582870f1f882a4909f831eac7**funding-round/965547bffe2e59bb8e61cf89d65187c4**funding-round/66b3f1e664c42fbab4d55b0b04fda29d,**venture**venture**debt_financing**venture**venture,**a**B******D,**********,**2009-12-01**2013-08-01**2011-09-15**2012-03-29**2014-09-25,**7**7**7**7**7,**********,**********,**1900000**165000000**3000000**20000000**60000000,**USD**USD**USD**USD**USD,**1900000**165000000**3000000**20000000**60000000,**********,****USD******USD,**********,**1263052895**1375396247**1316140533**1333424766**1411650525,**1413952369**1428972278**1398010117**1426712413**1453528793
behance,**funding-rounds/843a68ced976c0a07fb6dfa0340d52b4,**funding-round/843a68ced976c0a07fb6dfa0340d52b4,**venture,**a,**,**2012-05-14,**7,**,**,**6500000,**USD,**6500000,**,**,**,**1337046324,**1398009927
indeed,**funding-rounds/5021de1b05b7bf35764d5a97b3d5ccb6,**funding-round/5021de1b05b7bf35764d5a97b3d5ccb6,**venture,**a,**,**2005-08-01,**7,**,**,**5000000,**USD,**5000000,**,**,**,**1185265866,**1398009846
eventbrite,**funding-rounds/bd16da8beb34baa229c3a74c5f69c101**funding-rounds/f6db5ac3e4593278aa9e400aa5b84c0b**funding-rounds/c84a5189d772cd344cfad892127f4c17**funding-rounds/f387f52adb5b0283b5318c62e4229013**funding-rounds/97d0360a3c0fac8668abfa15d4111d49**funding-rounds/0c2cd93429982bc6ce65e91d3848efa8**funding-rounds/1941fcb252f092506b04bf9251741aab**funding-rounds/16cfffda89bd8b70698bbc4b8938f274**funding-rounds/9432d25ef26876ca585e93a2379e79e1**funding-rounds/f9606d4c3b8b234b42b25a50732b1a20,**funding-round/bd16da8beb34baa229c3a74c5f69c101**funding-round/f6db5ac3e4593278aa9e400aa5b84c0b**funding-round/c84a5189d772cd344cfad892127f4c17**funding-round/f387f52adb5b0283b5318c62e4229013**funding-round/97d0360a3c0fac8668abfa15d4111d49**funding-round/0c2cd93429982bc6ce65e91d3848efa8**funding-round/1941fcb252f092506b04bf9251741aab**funding-round/16cfffda89bd8b70698bbc4b8938f274**funding-round/9432d25ef26876ca585e93a2379e79e1**funding-round/f9606d4c3b8b234b42b25a50732b1a20,**seed**venture**venture**venture**venture**secondary_market**venture**private_equity**venture**angel,****c**a**a**e****d****F**,********************,**2006-11-01**2009-11-04**2008-06-02**2008-12-01**2011-05-18**2012-01-01**2010-10-06**2014-03-13**2013-01-01**2010-01-01,**7**7**7**7**7**4**7**7**4**4,******************2013-01-01**,******************4**,**250000**6500000**1300000**1500000**50000000****20000000**60000000**60000000**25000,**USD**USD**USD**USD**USD**USD**USD**USD**USD**USD,**250000**6500000**1300000**1500000**50000000****20000000**60000000**60000000**25000,********************,******************USD**USD,********************,**1184652745**1257374813**1212435120**1242160755**1305942125**1386356867**1286366753**1394712915**1404234195**1423231445,**1398009830**1398009956**1398009957**1398009940**1398009964**1404252262**1398010193**1426712706**1404234270**1423231445
500px,**funding-rounds/f0a92515863eb2ddad4504a9867b5b59**funding-rounds/79c5fa844058b277cfa4d14231e71c9e**funding-rounds/dc3ecf929da7967aef6d2502f76edbd1**funding-rounds/9bfb5c28edeb300e49a54d61805afe08**funding-rounds/8d77dbdb6825f2f026713e49bc855b34**funding-rounds/344b1e2b60ff76f4548c69ea7c04901f**funding-rounds/36b2c6975d20b602b5d9ea9724e383ea,**funding-round/f0a92515863eb2ddad4504a9867b5b59**funding-round/79c5fa844058b277cfa4d14231e71c9e**funding-round/dc3ecf929da7967aef6d2502f76edbd1**funding-round/9bfb5c28edeb300e49a54d61805afe08**funding-round/8d77dbdb6825f2f026713e49bc855b34**funding-round/344b1e2b60ff76f4548c69ea7c04901f**funding-round/36b2c6975d20b602b5d9ea9724e383ea,**venture**venture**venture**venture**venture**venture**venture,**A**A**A**A**A**a**B,**************,**2013-01-30**2012-10-01**2012-05-30**2011-12-28**2011-06-03**2013-08-07**2015-07-21,**7**7**7**7**7**7**7,**************,**************,**********525000**8800000**13000000,**USD**USD**USD**USD**USD**USD**USD,**********525000**8800000**13000000,**************,**USD**USD**USD**USD**USD****USD,**************,**1447681198**1447681088**1447680194**1447679879**1307328565**1375896209**1437480890,**1447681226**1447681121**1447680241**1447680052**1447679394**1402705748**1447681419
moz,**funding-rounds/05e5f54c1fd7a4ecd2b019a9d0608ed2**funding-rounds/f57e94c6471357ad8acaef6dda017879**funding-rounds/0b5b860f29de42b4d1625b05b173aeef,**funding-round/05e5f54c1fd7a4ecd2b019a9d0608ed2**funding-round/f57e94c6471357ad8acaef6dda017879**funding-round/0b5b860f29de42b4d1625b05b173aeef,**venture**venture**venture,**C**B**A,******,**2016-01-26**2012-05-01**2007-09-01,**7**7**7,******,******,**10000000**18000000**1100000,**USD**USD**USD,**10000000**18000000**1100000,****18750000**,**USD**USD**USD,****18750000**,**1453873373**1335929572**1190375954,**1453906363**1453908551**1453906606
issuu,**funding-rounds/211db4ac080cf71fa4e9f4657a4901b4**funding-rounds/4d98869a892d10cd0c00b047ea837986,**funding-round/211db4ac080cf71fa4e9f4657a4901b4**funding-round/4d98869a892d10cd0c00b047ea837986,**venture**venture,**A**B,****,**2007-02-01**2014-07-14,**7**7,****,****,**10250000**10000000,**USD**USD,**10250000**10000000,****,**USD**USD,****,**1225221819**1405340509,**1406225673**1429204031
9gag,**funding-rounds/631f0687e4a9bea17ef24d98659f8b1a**funding-rounds/49d4956450de140435f3fc4a97386a8d,**funding-round/631f0687e4a9bea17ef24d98659f8b1a**funding-round/49d4956450de140435f3fc4a97386a8d,**seed**seed,****,****,**2012-07-30**2011-05-17,**7**7,****,****,**2800000**,**USD**USD,**2800000**,****,****USD,****,**1343706384**1402985380,**1443501507**1402985396
quora,**funding-rounds/514a68725f47425a3c1cdd607e679b0a**funding-rounds/97ce012339dacd68a2a2bc1cd478b4c6**funding-rounds/216c9b58a5b235c87fbf0afb34cb2aa1,**funding-round/514a68725f47425a3c1cdd607e679b0a**funding-round/97ce012339dacd68a2a2bc1cd478b4c6**funding-round/216c9b58a5b235c87fbf0afb34cb2aa1,**venture**venture**venture,**b**C**a,******,**2012-05-14**2014-04-09**2010-03-28,**7**7**7,******,******,**50000000**80000000**11000000,**USD**USD**USD,**50000000**80000000**11000000,******,****USD**,******,**1337046851**1397049215**1269893278,**1425452801**1440424490**1422700035
prezi,**funding-rounds/b6a56a6bb11df46e93d183e11d187406**funding-rounds/727b47ffbbdf3bd19ae8b64253d28d68**funding-rounds/5012b8aa561b60ef69d6760debc6e1b4**funding-rounds/7046b3282dc8b7773fc29e72f8fb2984,**funding-round/b6a56a6bb11df46e93d183e11d187406**funding-round/727b47ffbbdf3bd19ae8b64253d28d68**funding-round/5012b8aa561b60ef69d6760debc6e1b4**funding-round/7046b3282dc8b7773fc29e72f8fb2984,**seed**venture**venture**private_equity,****A**b**,********,**2008-01-01**2009-07-20**2011-12-14**2014-11-19,**7**7**7**7,********,********,**260000**1500000**14000000**57000000,**USD**USD**USD**USD,**260000**1500000**14000000**57000000,********,****USD****USD,********,**1248107436**1248107437**1323950745**1416400178,**1398009930**1451376015**1398010089**1432068266
uber,**funding-rounds/ae32184f285a5bde6950f399f05c4b97**funding-rounds/765b8958c4aa1d9805b4694324cd7706**funding-rounds/211176ddab64c19f775fe7e47ab9c1c2**funding-rounds/5b1dc73e0e42d1b0406db5374baf91f9**funding-rounds/7fb4f6a6b5c4566beba7c7f328296051**funding-rounds/42c8af05c0bf5f0a05351ca9580250e9**funding-rounds/7a617d3521e9a71816c8d5cbcd4c49b0**funding-rounds/1fa1e079dd45f9d615ce1469ed9090fb**funding-rounds/cf3cef91e48e774ac6ad7c5584bf2bf0**funding-rounds/2fd6f840728c42adee151fc1f1bf218e,**funding-round/ae32184f285a5bde6950f399f05c4b97**funding-round/765b8958c4aa1d9805b4694324cd7706**funding-round/211176ddab64c19f775fe7e47ab9c1c2**funding-round/5b1dc73e0e42d1b0406db5374baf91f9**funding-round/7fb4f6a6b5c4566beba7c7f328296051**funding-round/42c8af05c0bf5f0a05351ca9580250e9**funding-round/7a617d3521e9a71816c8d5cbcd4c49b0**funding-round/1fa1e079dd45f9d615ce1469ed9090fb**funding-round/cf3cef91e48e774ac6ad7c5584bf2bf0**funding-round/2fd6f840728c42adee151fc1f1bf218e,**private_equity**seed**angel**venture**venture**venture**venture**venture**debt_financing**venture,********B**A**C**D**E****E,********************,**2016-01-12**2009-08-01**2010-10-15**2011-12-07**2011-02-14**2013-08-23**2014-06-06**2014-12-04**2015-01-21**2015-02-18,**7**7**7**7**7**7**7**7**7**7,********************,********************,**2000000000**200000**1250000**37000000**11000000**258000000**1200000000**1200000000**1600000000**1000000000,**USD**USD**USD**USD**USD**USD**USD**USD**USD**USD,**2000000000**200000**1250000**37000000**11000000**258000000**1200000000**1200000000**1600000000**1000000000,**************1400000000******,**USD******USD**USD**USD**USD**USD**USD**USD,**************1400000000******,**1452657017**1287136400**1287136400**1323258638**1398202143**1377229728**1402085222**1417717255**1421897274**1424317929,**1452746593**1433443103**1451465195**1446066515**1426712682**1443993727**1438885884**1426712790**1421897367**1445578496
fiverr,**funding-rounds/0194a52476236c86419ef18c8ca647ce**funding-rounds/b0220e9f5e8fb4989918047de26e0275**funding-rounds/9ffa73a0f92f4d37bf55195dde2814c8**funding-rounds/40ab8268bd7364e75ea60adf9fd6b05e**funding-rounds/95269cd40cb89655f64e5ea62ebb30f5,**funding-round/0194a52476236c86419ef18c8ca647ce**funding-round/b0220e9f5e8fb4989918047de26e0275**funding-round/9ffa73a0f92f4d37bf55195dde2814c8**funding-round/40ab8268bd7364e75ea60adf9fd6b05e**funding-round/95269cd40cb89655f64e5ea62ebb30f5,**venture**venture**venture**venture**seed,**D**b**a**C**,**********,**2015-11-11**2012-05-03**2011-01-01**2014-08-11**2010-06-01,**7**7**7**7**7,**********,**********,**60000000**15000000**5000000**30000000**1000000,**USD**USD**USD**USD**USD,**60000000**15000000**5000000**30000000**1000000,**********,**USD******USD**USD,**********,**1447302624**1336068588**1322325501**1407756399**1434189910,**1447385179**1434190087**1434190011**1436449559**1434189933
hubspot,**funding-rounds/f82aaf029e44ebdf6084ee3a59ae7f2c**funding-rounds/820b41167354f3b1e0e0213e9cd132cf**funding-rounds/fa406a7236d22c0423a260e92383f2f7**funding-rounds/e2126b93bae2e97531463ce7be4bdec5**funding-rounds/990756bb301f3e100bae1a8173b7e8e9**funding-rounds/85c1c4b688fea695d596ecca2306fd94,**funding-round/f82aaf029e44ebdf6084ee3a59ae7f2c**funding-round/820b41167354f3b1e0e0213e9cd132cf**funding-round/fa406a7236d22c0423a260e92383f2f7**funding-round/e2126b93bae2e97531463ce7be4bdec5**funding-round/990756bb301f3e100bae1a8173b7e8e9**funding-round/85c1c4b688fea695d596ecca2306fd94,**venture**venture**venture**seed**venture**venture,**c**a**b******d,************,**2009-10-19**2007-09-01**2008-05-16**2006-05-01**2012-11-10**2011-03-08,**7**7**7**7**7**7,************,************,**16000000**5000000**12000000**500000**35000000**32000000,**USD**USD**USD**USD**USD**USD,**16000000**5000000**12000000**500000**35000000**32000000,************,************,************,**1255959302**1196674746**1210887784**1213899716**1352110329**1299621734,**1398009910**1435217715**1398009917**1398010004**1415303777**1422349687
wix,**funding-rounds/8505f3d19900ba99329ecca2d9817a48**funding-rounds/d8544831cab790447e206ba9abebbc83**funding-rounds/b1109ab0b8774073a731df0057873133**funding-rounds/83a2cc52afbdc3a5a93ff380c09cdcf1,**funding-round/8505f3d19900ba99329ecca2d9817a48**funding-round/d8544831cab790447e206ba9abebbc83**funding-round/b1109ab0b8774073a731df0057873133**funding-round/83a2cc52afbdc3a5a93ff380c09cdcf1,**venture**venture**venture**venture,**b**a**c**d,********,**2008-10-13**2007-12-01**2010-03-24**2011-03-28,**7**7**7**7,********,********,**3500000**5000000**10000000**40000000,**USD**USD**USD**USD,**3500000**5000000**10000000**40000000,********,********,********,**1223924600**1194689507**1269459035**1301371261,**1398009828**1398009995**1398010102**1398010171
medium,**funding-rounds/0f5899972ba76a33637282869cee54a0**funding-rounds/bfa8bc4e9ecbdfd5acb987a4574fa697,**funding-round/0f5899972ba76a33637282869cee54a0**funding-round/bfa8bc4e9ecbdfd5acb987a4574fa697,**venture**venture,**A**B,****,**2014-01-28**2015-09-28,**7**7,****,****,**25000000**57000000,**USD**USD,**25000000**57000000,****,**USD**USD,****,**1390941119**1443470141,**1443500356**1443536758
zendesk,**funding-rounds/5b2f27b012b524fd3f105ceca997f2aa**funding-rounds/d193c644ecabebd62e784603dcffac93**funding-rounds/493d9ff406297b525f401f4f14418b89**funding-rounds/c5110366f83c8c25b0fea36aec29a44c**funding-rounds/60843ea0e1d4ec3434fb495bf3fcd166**funding-rounds/748f79b3581864b0c0a5a1d14823a9d1,**funding-round/5b2f27b012b524fd3f105ceca997f2aa**funding-round/d193c644ecabebd62e784603dcffac93**funding-round/493d9ff406297b525f401f4f14418b89**funding-round/c5110366f83c8c25b0fea36aec29a44c**funding-round/60843ea0e1d4ec3434fb495bf3fcd166**funding-round/748f79b3581864b0c0a5a1d14823a9d1,**venture**venture**seed**venture**venture**undisclosed,**b**A****d**c**,************,**2009-08-17**2009-03-06**2008-06-18**2012-09-12**2010-12-07**2014-05-15,**7**7**7**7**7**7,************,************,**6000000****500000**60000000**19000000**,**USD**USD**USD**USD**USD**USD,**6000000****500000**60000000**19000000**,************,****USD********USD,************,**1250510028**1241729282**1217448321**1347504567**1291704383**1417883889,**1398010034**1406665647**1398010097**1427415001**1398010169**1417883929
atlassian,**funding-rounds/64d2baaf4363a45d83966086bb8d4a6c**funding-rounds/f1532625dbc8805089e2691514950faa,**funding-round/64d2baaf4363a45d83966086bb8d4a6c**funding-round/f1532625dbc8805089e2691514950faa,**secondary_market**secondary_market,****,****,**2014-04-08**2010-07-14,**7**7,****,****,**150000000**60000000,**USD**USD,**150000000**60000000,****,**USD**USD,****,**1397023908**1279132982,**1435090641**1428970541
buffer,**funding-rounds/f7e69dbf59e78926636fbedffdd4196e**funding-rounds/4bb2257ef693f52c0490169f80cde956**funding-rounds/b94b95a2be685e1a72d4c032d4d057e6,**funding-round/f7e69dbf59e78926636fbedffdd4196e**funding-round/4bb2257ef693f52c0490169f80cde956**funding-round/b94b95a2be685e1a72d4c032d4d057e6,**seed**angel**venture,******A,******,**2011-10-01**2011-12-20**2014-10-27,**6**7**7,******2014-12-31,******7,****400000**3500000,**USD**USD**USD,****400000**3500000,******,******USD,******,**1396900901**1324436587**1414469597,**1398010002**1398010109**1446127544
pocket,**funding-rounds/dd1f4b1c67e3e9e36f09e10615434f24**funding-rounds/2481c7eb7333cd66525f43d8aa525953**funding-rounds/a1101cf940d305d2f94d00fcf864aaad,**funding-round/dd1f4b1c67e3e9e36f09e10615434f24**funding-round/2481c7eb7333cd66525f43d8aa525953**funding-round/a1101cf940d305d2f94d00fcf864aaad,**venture**venture**venture,**a**b**B,******,**2011-07-26**2012-07-19**2015-02-27,**7**7**7,******2015-03-17,******7,**2500000**5000000**7000000,**USD**USD**USD,**2500000**5000000**7000000,******,******USD,******,**1311707420**1342702471**1429013525,**1398009879**1398009872**1446184216
klout,**funding-rounds/0c841ad98f8ec07e6e7b1d2bbd08431c**funding-rounds/1a7cb11cd489aa171d43f36b8ac9ff4e**funding-rounds/adc5255981906839d9a1db766b68c9ea**funding-rounds/e75aad711685c44bf959e08936491262**funding-rounds/9f514f2eb3a817aa51a12c48c5f1d534**funding-rounds/edaf4eb0fe2b391ec0e361048ed3fd55**funding-rounds/237acb8d3b84bf468061dcd904b531a9**funding-rounds/3a7de8b1df667c7b7cecde0d67b5d9aa**funding-rounds/c32d0c5f53e9526a5c131ad9ec232a3c**funding-rounds/6f17fb5665a58117b3d2cbdaf6223de2,**funding-round/0c841ad98f8ec07e6e7b1d2bbd08431c**funding-round/1a7cb11cd489aa171d43f36b8ac9ff4e**funding-round/adc5255981906839d9a1db766b68c9ea**funding-round/e75aad711685c44bf959e08936491262**funding-round/9f514f2eb3a817aa51a12c48c5f1d534**funding-round/edaf4eb0fe2b391ec0e361048ed3fd55**funding-round/237acb8d3b84bf468061dcd904b531a9**funding-round/3a7de8b1df667c7b7cecde0d67b5d9aa**funding-round/c32d0c5f53e9526a5c131ad9ec232a3c**funding-round/6f17fb5665a58117b3d2cbdaf6223de2,**venture**venture**venture**venture**undisclosed**venture**seed**venture**venture**undisclosed,**C**B**B**B****b****c**a**,********************,**2011-11-04**2010-12-21**2012-02-27**2010-08-05**2013-08-23**2011-01-10**2009-07-01**2012-01-01**2010-04-28**2012-09-28,**7**7**7**7**7**7**7**7**7**7,********************,********************,************8500000****30000000**1500000**,**USD**USD**USD**USD**USD**USD**USD**USD**USD**USD,************8500000****30000000**1500000**,********************,**USD**USD**USD**USD************,********************,**1447768031**1447767793**1447767379**1447767184**1389897356**1248829887**1248829972**1325625389**1273037237**1348817037,**1447768090**1447767903**1447767449**1447767250**1398009851**1443296889**1398009978**1398010144**1443296836**1447766857
duolingo,**funding-rounds/69ddeb3d42a8f2642d190e8f63961169**funding-rounds/e8b84a3f4df62bdba6c2920d8d3873d2**funding-rounds/c9751068904d6f4ea93c2a472889e835**funding-rounds/e0fe8ebb24086b288dc498253a6c98a8,**funding-round/69ddeb3d42a8f2642d190e8f63961169**funding-round/e8b84a3f4df62bdba6c2920d8d3873d2**funding-round/c9751068904d6f4ea93c2a472889e835**funding-round/e0fe8ebb24086b288dc498253a6c98a8,**venture**venture**venture**venture,**c**a**b**D,********,**2014-02-18**2011-10-19**2012-09-17**2015-06-10,**7**7**7**7,********,********,**20000000**3300000**15000000**45000000,**USD**USD**USD**USD,**20000000**3300000**15000000**45000000,********,********USD,********,**1392726484**1340891609**1347896342**1433958567,**1398009969**1398010178**1398010158**1435708798
ustream,**funding-rounds/0702caacd74533d6b77f77e7a6c8e32c**funding-rounds/aa347a091e518d8ae5b165300487a0fb**funding-rounds/be1181d0c3cca0287dd1e96bf3fdb82b**funding-rounds/03f808cce1ef89f1477b4e5a1d8c8c80**funding-rounds/3c49b292747786a010341e1a4c40b5a0,**funding-round/0702caacd74533d6b77f77e7a6c8e32c**funding-round/aa347a091e518d8ae5b165300487a0fb**funding-round/be1181d0c3cca0287dd1e96bf3fdb82b**funding-round/03f808cce1ef89f1477b4e5a1d8c8c80**funding-round/3c49b292747786a010341e1a4c40b5a0,**venture**venture**seed**venture**venture,**a**b****a**A,**********,**2008-04-10**2010-02-02**2007-12-18**2009-11-12**2007-12-01,**7**7**7**7**6,**********2007-04-01,**********6,**11800000**46600000**1700000**210000**,**USD**USD**USD**USD**USD,**11800000**46600000**1700000**210000**,**********,**********USD,**********,**1366425902**1366426103**1198038206**1393856340**1399009891,**1398009974**1398009974**1398010065**1398010154**1400603191
box,**funding-rounds/3a4fd96e9663ba14fb55365e32f66f26**funding-rounds/ff879556c9e1930dd8d6f1bc38406774**funding-rounds/0d7dac7ef03dbc3c24deed23711d3234**funding-rounds/82c54ce78594d5e713e3e1f109fcaf9b**funding-rounds/dca4064bcbc43e16002b445101df6bca**funding-rounds/a6a9abd332d698d839d5b8c7d7e7b4ef**funding-rounds/17ed861eac3c556914a9f39a9579882f**funding-rounds/f3011f166ea0f4312d98575f31f4a7c7**funding-rounds/893c363d799f29bbf9ef8e9182418461**funding-rounds/cca701609cd20c5b9af2a9e521fb0ed6,**funding-round/3a4fd96e9663ba14fb55365e32f66f26**funding-round/ff879556c9e1930dd8d6f1bc38406774**funding-round/0d7dac7ef03dbc3c24deed23711d3234**funding-round/82c54ce78594d5e713e3e1f109fcaf9b**funding-round/dca4064bcbc43e16002b445101df6bca**funding-round/a6a9abd332d698d839d5b8c7d7e7b4ef**funding-round/17ed861eac3c556914a9f39a9579882f**funding-round/f3011f166ea0f4312d98575f31f4a7c7**funding-round/893c363d799f29bbf9ef8e9182418461**funding-round/cca701609cd20c5b9af2a9e521fb0ed6,**venture**venture**venture**venture**venture**venture**venture**venture**venture**angel,**B**b**A**E**c**d**d**F**e**,********************,**2009-10-15**2008-01-23**2006-10-01**2012-07-31**2010-04-07**2011-10-28**2011-02-24**2013-12-05**2013-01-29**2005-09-01,**7**7**7**7**7**7**7**7**7**6,********2012-07-31************,********7************,**7100000**6000000**1500000**125000000**15000000**81000000**48000000**100000000**25000000**350000,**USD**USD**USD**USD**USD**USD**USD**USD**USD**USD,**7100000**6000000**1500000**125000000**15000000**81000000**48000000**100000000**25000000**350000,********************,**USD****USD**USD********USD****,********************,**1254851068**1209497843**1184724052**1343789157**1270677367**1313547466**1298606861**1386311993**1372162212**1389383373,**1422934472**1398009881**1438292451**1441629329**1398009808**1426712739**1398010044**1426712605**1438127593**1398010102
coursera,**funding-rounds/a8d4b3a013821a604e913381227174da**funding-rounds/3ec44b3866f1f6c6b504768711b49314**funding-rounds/b41f97408dadc37bf8a24bb13ada3686**funding-rounds/e0ed9bb17ba23fa762787fba3aa9bf60**funding-rounds/72d440be1e4243621dc27917b915014f**funding-rounds/940ccd2af289cc3c55b73ffb7d06af20,**funding-round/a8d4b3a013821a604e913381227174da**funding-round/3ec44b3866f1f6c6b504768711b49314**funding-round/b41f97408dadc37bf8a24bb13ada3686**funding-round/e0ed9bb17ba23fa762787fba3aa9bf60**funding-round/72d440be1e4243621dc27917b915014f**funding-round/940ccd2af289cc3c55b73ffb7d06af20,**venture**venture**venture**venture**venture**venture,**C**a**b**A**b**C,************,**2015-10-27**2012-07-17**2013-07-10**2012-04-18**2013-11-24**2015-08-25,**7**7**7**7**7**7,************,************,**11600000**6000000**43000000**16000000**20000000**49500000,**USD**USD**USD**USD**USD**USD,**11600000**6000000**43000000**16000000**20000000**49500000,************,**USD******USD****USD,************,**1446005880**1342583448**1373459581**1334807098**1385351552**1440502082,**1453212870**1398009862**1398009860**1440530367**1398010114**1440514774
treehouse,**funding-rounds/fac9ba13026265717d2c8cd4ab98771c**funding-rounds/8399e91177029529ddc600007d2f99a3**funding-rounds/00e457d0f64c845543e4edd38bb2eaf1,**funding-round/fac9ba13026265717d2c8cd4ab98771c**funding-round/8399e91177029529ddc600007d2f99a3**funding-round/00e457d0f64c845543e4edd38bb2eaf1,**seed**venture**venture,****B**A,******,**2011-10-17**2013-04-10**2012-04-18,**7**7**7,****2013-04-10**2012-04-18,****7**7,**600000**7000000**4750000,**USD**USD**USD,**600000**7000000**4750000,******,****USD**USD,******,**1318902694**1365595937**1334804968,**1398009847**1441706674**1441706937
square,**funding-rounds/419ac83403aa39b7ab0b9ea43693df0e**funding-rounds/cfae547bfd217aa608928014041a96b7**funding-rounds/bad4b2b5b5556005788c1b61959e93d5**funding-rounds/e458eddf256cc97b87befe9ba0b10d5d**funding-rounds/c59de6486d4c17f356e93ced97d2c0d1**funding-rounds/bc3e3d83826d31059e6f63dbee6ce9fa**funding-rounds/2346cba02aa9411c1681f05c9c33a8a1**funding-rounds/059be2c206d34af2429c8352f805a154**funding-rounds/3d070c0c233c7151582c2e52635c0aa6,**funding-round/419ac83403aa39b7ab0b9ea43693df0e**funding-round/cfae547bfd217aa608928014041a96b7**funding-round/bad4b2b5b5556005788c1b61959e93d5**funding-round/e458eddf256cc97b87befe9ba0b10d5d**funding-round/c59de6486d4c17f356e93ced97d2c0d1**funding-round/bc3e3d83826d31059e6f63dbee6ce9fa**funding-round/2346cba02aa9411c1681f05c9c33a8a1**funding-round/059be2c206d34af2429c8352f805a154**funding-round/3d070c0c233c7151582c2e52635c0aa6,**venture**venture**venture**debt_financing**venture**venture**venture**private_equity**private_equity,**b**c**d****a**C**E****,******************,**2011-01-10**2011-12-09**2012-09-17**2014-04-07**2009-11-01**2011-06-28**2014-10-05**2015-04-01**2015-03-02,**7**7**7**7**7**7**7**7**7,******************,******************,**27500000**3000000**200000000**100000000**10000000**100000000**150000000****,**USD**USD**USD**USD**USD**USD**USD**USD**USD,**27500000**3000000**200000000**100000000**10000000**100000000**150000000****,******************,************USD**USD****,******************,**1294740286**1323489527**1344400731**1396864462**1259694330**1309324967**1410537960**1435595387**1435596407,**1445892474**1417880641**1426712740**1398009987**1398010067**1442338494**1446757667**1435595387**1435596484
lumosity,**funding-rounds/f04f9c5aede7b039c352ed063e9a952c**funding-rounds/79b84e5e410c8a4fc6e21ffef38917c5**funding-rounds/039558c78605e9e851609c8086590f90**funding-rounds/636a9d0d1f30e79d63efb58aa870daec**funding-rounds/e70e8014403120946c189eceeb691ec6**funding-rounds/f8c8b4dd2801f4e3071ec70a5f913d85,**funding-round/f04f9c5aede7b039c352ed063e9a952c**funding-round/79b84e5e410c8a4fc6e21ffef38917c5**funding-round/039558c78605e9e851609c8086590f90**funding-round/636a9d0d1f30e79d63efb58aa870daec**funding-round/e70e8014403120946c189eceeb691ec6**funding-round/f8c8b4dd2801f4e3071ec70a5f913d85,**secondary_market**secondary_market**angel**venture**venture**venture,********b**d**c,************,**2014-11-01**2014-06-01**2007-06-11**2008-06-03**2012-08-22**2011-06-16,**7**7**7**7**7**7,************,************,******400000**3100000**31500000**32500000,**USD**USD**USD**USD**USD**USD,******400000**3100000**31500000**32500000,************,**USD**USD********,************,**1453402670**1453402652**1211477391**1212475883**1345676259**1308225233,**1453402692**1453402705**1398009934**1429826866**1452800053**1398010094
nginx,**funding-rounds/7a224c44e7012fac9010774eb0b3ffb0**funding-rounds/36124ccbb3850e007b2752ae04c353dd**funding-rounds/e6ff3452bef4fb24f04da957ee1be8ea,**funding-round/7a224c44e7012fac9010774eb0b3ffb0**funding-round/36124ccbb3850e007b2752ae04c353dd**funding-round/e6ff3452bef4fb24f04da957ee1be8ea,**venture**venture**venture,**a**b**B,******,**2011-10-10**2013-10-15**2014-12-09,**7**7**7,******,******,**3000000**10000000**20000000,**USD**USD**USD,**3000000**10000000**20000000,******,******USD,******,**1318331581**1381860115**1418129434,**1398009824**1398010016**1429292751
mint,**funding-rounds/642748610a6b85562dc16aef4dba6b9b**funding-rounds/a56dbea0c048f75698a1786e5db15f0f**funding-rounds/2b2a23c0f1abfd02c58372e5dd7e16e0**funding-rounds/7e587c3740b598c5581bc923d0429029**funding-rounds/9c77e884f217090cd251dbdbc6770319,**funding-round/642748610a6b85562dc16aef4dba6b9b**funding-round/a56dbea0c048f75698a1786e5db15f0f**funding-round/2b2a23c0f1abfd02c58372e5dd7e16e0**funding-round/7e587c3740b598c5581bc923d0429029**funding-round/9c77e884f217090cd251dbdbc6770319,**angel**venture**venture**seed**venture,****b**c****A,**********,**2006-11-02**2008-03-05**2009-08-12**2006-10-01**2007-04-01,**7**7**7**7**7,**********2007-10-17,**********7,**750000**12000000**14000000**325000**4700000,**USD**USD**USD**USD**USD,**750000**12000000**14000000**325000**4700000,**********,**********USD,**********,**1221457596**1204708825**1250109064**1192533590**1190306446,**1439139733**1412100504**1412100506**1412100508**1446441031
teespring,**funding-rounds/58c484e74bf8c385ba69061702631a4a**funding-rounds/1ca28bd47ecbbd5a5478b9c9742b168d**funding-rounds/4d67e43b0daf52c55395c0036d651973**funding-rounds/2d80ec568b71ad6ccc93c027b238cdb4,**funding-round/58c484e74bf8c385ba69061702631a4a**funding-round/1ca28bd47ecbbd5a5478b9c9742b168d**funding-round/4d67e43b0daf52c55395c0036d651973**funding-round/2d80ec568b71ad6ccc93c027b238cdb4,**venture**seed**angel**venture,**A******B,********,**2014-01-16**2012-02-01**2013-04-01**2014-11-18,**7**7**7**7,********,********,**20000000**675000**1200000**35000000,**USD**USD**USD**USD,**20000000**675000**1200000**35000000,********,**USD******USD,********,**1389896118**1353098915**1380550352**1416348055,**1416348086**1426712663**1398010090**1416366449
badoo,**funding-rounds/c895602c3fbdde5004594b58815c861c,**funding-round/c895602c3fbdde5004594b58815c861c,**venture,**a,**,**2008-01-01,**7,**,**,**30000000,**CAD,**30564744,**,**,**,**1200980617,**1398010112
songkick,**funding-rounds/08e876c0f8aecfdf7874a4536881fefa**funding-rounds/eda68dde09be0a0d3124198e95261543**funding-rounds/40a9ee02ab2080f8531a9e7dca46d3ac**funding-rounds/0698b9660362675cedb52b8d064857a1**funding-rounds/ed61f00859d466df62272cf05eb1c798**funding-rounds/b0527983b05367bd97d8acf0fa786207**funding-rounds/833ee3271394488fa30edbcc3907fb7b,**funding-round/08e876c0f8aecfdf7874a4536881fefa**funding-round/eda68dde09be0a0d3124198e95261543**funding-round/40a9ee02ab2080f8531a9e7dca46d3ac**funding-round/0698b9660362675cedb52b8d064857a1**funding-round/ed61f00859d466df62272cf05eb1c798**funding-round/b0527983b05367bd97d8acf0fa786207**funding-round/833ee3271394488fa30edbcc3907fb7b,**venture**angel**seed**venture**venture**venture**venture,**C******b**a****C,**************,**2015-12-17**2008-03-01**2007-06-01**2012-03-08**2008-12-17**2011-02-15**2015-06-04,**7**7**7**7**7**7**7,**************,**************,**10000000**1100000**15000**10000000**3500000**2000000**19200000,**USD**USD**USD**USD**USD**USD**USD,**10000000**1100000**15000**10000000**3500000**2000000**19200000,**************,**USD************USD,**************,**1450356359**1205900142**1193835417**1331525246**1229636808**1297777916**1433434431,**1450717784**1398009822**1398009981**1415879351**1398009949**1415306246**1450743420
wanelo,**funding-rounds/9ea5e42ce71b312cf2f0e9d42015d39b**funding-rounds/98a569eada01a324b7e6334f8488661d**funding-rounds/71006f30442498299d9c8dde9d2975d5,**funding-round/9ea5e42ce71b312cf2f0e9d42015d39b**funding-round/98a569eada01a324b7e6334f8488661d**funding-round/71006f30442498299d9c8dde9d2975d5,**venture**venture**venture,******A,******,**2013-03-22**2012-06-06**2014-03-15,**7**7**7,******2014-03-15,******7,**11000000**3000000**,**USD**USD**USD,**11000000**3000000**,******,******USD,******,**1376771339**1339035776**1417844030,**1415304376**1415305596**1417844059
socialbakers,**funding-rounds/e8cf95861683cd3f8f28d60e67985114**funding-rounds/f3a8e361144333ff5909d29e3b962b27**funding-rounds/7585ba0d2c2c7cdf7036970396103f02,**funding-round/e8cf95861683cd3f8f28d60e67985114**funding-round/f3a8e361144333ff5909d29e3b962b27**funding-round/7585ba0d2c2c7cdf7036970396103f02,**venture**venture**venture,**b**c**a,******,**2012-11-19**2014-02-18**2011-09-29,**7**7**7,******,******,**6000000**26000000**2000000,**USD**USD**USD,**6000000**26000000**2000000,******,******,******,**1353381484**1392726936**1317347675,**1425536349**1398009970**1398010178
opendns,**funding-rounds/77598d532160a290b223bb473233a9e2**funding-rounds/199d591bfdf2521df2935bb33219618e**funding-rounds/d9609aca452e68e632479059508b6c90**funding-rounds/5b432aef2d42dfbf29991decccea78a8**funding-rounds/137b8601c567394b4e72e01cce37d64d,**funding-round/77598d532160a290b223bb473233a9e2**funding-round/199d591bfdf2521df2935bb33219618e**funding-round/d9609aca452e68e632479059508b6c90**funding-round/5b432aef2d42dfbf29991decccea78a8**funding-round/137b8601c567394b4e72e01cce37d64d,**undisclosed**venture**venture**venture**venture,****b**a****C,**********,**2009-07-01**2013-02-20**2005-11-01**2010-09-29**2014-05-14,**7**7**7**7**7,**********,**********,****9260000**2500000**4500000**35000000,**USD**USD**USD**USD**USD,****9260000**2500000**4500000**35000000,**********,**********USD,**********,**1247014176**1364308126**1216493400**1285877717**1400127603,**1398009875**1400623795**1438132025**1415305234**1429826821
wetransfer,**funding-rounds/0343fca822f81fdd563d6494e6002c6a,**funding-round/0343fca822f81fdd563d6494e6002c6a,**venture,**A,**,**2015-02-17,**7,**,**,**25000000,**USD,**25000000,**,**USD,**,**1424156175,**1424966841
canva,**funding-rounds/25b280199004d18210b2d338fa24fbde**funding-rounds/be284f7d8efddcd2d4112d3d586c4c88**funding-rounds/1bed115240f048b9a2592b99b9e1b709**funding-rounds/e027279d4d70d00310510ab8d1eb6006**funding-rounds/3370778308d7e84aa9d42b5e792f1b0a**funding-rounds/856b4940b0dc0a005efd53848ddd7c95,**funding-round/25b280199004d18210b2d338fa24fbde**funding-round/be284f7d8efddcd2d4112d3d586c4c88**funding-round/1bed115240f048b9a2592b99b9e1b709**funding-round/e027279d4d70d00310510ab8d1eb6006**funding-round/3370778308d7e84aa9d42b5e792f1b0a**funding-round/856b4940b0dc0a005efd53848ddd7c95,**venture**debt_financing**seed**debt_financing**seed**seed,**A********A**A,************,**2015-10-06**2013-03-08**2013-03-19**2014-06-20**2014-07-21**2015-04-03,**7**7**7**7**7**7,************,************,**15000000**105000**3000000**250000**3600000**6000000,**USD**USD**USD**USD**USD**USD,**15000000**105000**3000000**250000**3600000**6000000,********1500000****,**USD******USD**USD**USD,********1500000****,**1444128889**1370434588**1369050784**1403759255**1405997600**1430722585,**1444150756**1398010060**1424247118**1403759255**1444172412**1444172315
stripe,**funding-rounds/a3d74035aaf217d5abc5f2052dc2d930**funding-rounds/fde55e970bd7682385a09a75d30702f1**funding-rounds/232b025b64adcfbc8e9c312d9660990f**funding-rounds/c9ad7c9ea915bfb2349b8d63c0cbeb36**funding-rounds/6cf562396ca7f6be48adce04e5dc42f3**funding-rounds/9d2a4bc448ecf770299923aa2aaf6bf5**funding-rounds/2b47e26b1bb3625a9b092180fc470388,**funding-round/a3d74035aaf217d5abc5f2052dc2d930**funding-round/fde55e970bd7682385a09a75d30702f1**funding-round/232b025b64adcfbc8e9c312d9660990f**funding-round/c9ad7c9ea915bfb2349b8d63c0cbeb36**funding-round/6cf562396ca7f6be48adce04e5dc42f3**funding-round/9d2a4bc448ecf770299923aa2aaf6bf5**funding-round/2b47e26b1bb3625a9b092180fc470388,**venture**seed**venture**seed**venture**venture**venture,**a****c****b**C**C,**************,**2012-02-09**2010-08-02**2014-01-22**2011-03-28**2012-07-09**2014-12-02**2015-07-28,**7**7**7**7**7**7**7,**************,**************,**18000000****80000000**2000000**20000000**70000000**90000000,**USD**USD**USD**USD**USD**USD**USD,**18000000****80000000**2000000**20000000**70000000**90000000,**************,********USD****USD**USD,**************,**1328842041**1382764387**1390445797**1363753782**1341880354**1417572111**1438057656,**1398009914**1398009796**1426712754**1438366914**1398010221**1426712790**1442605383
cloudflare,**funding-rounds/b7b2d1b67806991ad0ea0d8146ef00a9**funding-rounds/7d625df0aeee3bc0642c9cfae7b56b4f**funding-rounds/79a48ca1d6dbed5881d7b353b42e392f**funding-rounds/86e2df31a63247d023c375ddf7fca2ed,**funding-round/b7b2d1b67806991ad0ea0d8146ef00a9**funding-round/7d625df0aeee3bc0642c9cfae7b56b4f**funding-round/79a48ca1d6dbed5881d7b353b42e392f**funding-round/86e2df31a63247d023c375ddf7fca2ed,**venture**venture**venture**venture,**c**a**b**D,********,**2013-12-17**2009-11-25**2011-07-12**2015-09-22,**7**7**7**7,********2014-12-20,********7,**50000000**2050000**20000000**110000000,**USD**USD**USD**USD,**50000000**2050000**20000000**110000000,********,********USD,********,**1387282449**1259250390**1310451323**1442921863,**1426712752**1398010051**1398010214**1445584744
freshdesk,**funding-rounds/0d75ac8e03417f6177539348ace5acc6**funding-rounds/2222c71a6ae941f901a838b882d89f7a**funding-rounds/6f6db53af6531a36d785bfe05f249c00**funding-rounds/06e271212d795cfb550f1c973562396a**funding-rounds/90875b6bd3cdfa226040237a01496365**funding-rounds/2b58ca7f562c27cfd4355448b51c0fb4,**funding-round/0d75ac8e03417f6177539348ace5acc6**funding-round/2222c71a6ae941f901a838b882d89f7a**funding-round/6f6db53af6531a36d785bfe05f249c00**funding-round/06e271212d795cfb550f1c973562396a**funding-round/90875b6bd3cdfa226040237a01496365**funding-round/2b58ca7f562c27cfd4355448b51c0fb4,**venture**venture**venture**seed**venture**venture,**B****c****D**E,************,**2012-04-26**2011-11-30**2013-11-21**2012-03-19**2014-06-12**2015-04-20,**7**7**7**7**7**7,************,************,**5000000**1000000**6999930**1051638**31000000**50000000,**USD**USD**USD**USD**USD**USD,**5000000**1000000**6999930**1051638**31000000**50000000,************,**USD********USD**USD,************,**1335493836**1322707651**1385365888**1377777302**1402572149**1429530268,**1429531443**1415307550**1398010136**1398010162**1402572149**1429530546
giphy,**funding-rounds/ea837ebc738de8be19cb3436d306021c**funding-rounds/a5caa4834ea66f673b96d62c85240422,**funding-round/ea837ebc738de8be19cb3436d306021c**funding-round/a5caa4834ea66f673b96d62c85240422,**venture**venture,**A**B,****,**2014-05-15**2015-01-29,**7**7,****,****,**2400000**21549998,**USD**USD,**2400000**21549998,****,**USD**USD,****,**1400175070**1422558375,**1432240197**1432240143
doodle,**funding-rounds/eea1fc001eb50884c0716fbfbc12e1d6,**funding-round/eea1fc001eb50884c0716fbfbc12e1d6,**venture,**a,**,**2008-01-01,**7,**,**,**,**USD,**,**,**,**,**1245931800,**1398010184
strava,**funding-rounds/142f84e39359155886a1cb9aaf09abca**funding-rounds/7ad1c9b5f8c68f2b3e029c24bdf2242b**funding-rounds/0ccf50c575ef5f4ec977dc22faaa0d9a**funding-rounds/46c9704a3e9ecbd7c1e6c6a21820dba6,**funding-round/142f84e39359155886a1cb9aaf09abca**funding-round/7ad1c9b5f8c68f2b3e029c24bdf2242b**funding-round/0ccf50c575ef5f4ec977dc22faaa0d9a**funding-round/46c9704a3e9ecbd7c1e6c6a21820dba6,**venture**venture**undisclosed**venture,**b**a****D,********,**2011-07-27**2011-01-12**2010-10-01**2014-10-29,**7**7**6**7,********,********,**12600000**3500000****18500000,**USD**USD**USD**USD,**12600000**3500000****18500000,********,******USD**USD,********,**1311816509**1294850378**1409162892**1414588512,**1398009887**1398009870**1441784693**1441779287
slack,**funding-rounds/542034e9a857d2320d88aff73b6e8a3e**funding-rounds/8dbd0e78633d49e22f47ae17d40d1239**funding-rounds/952d3a35d6aa4352006e39b66d9db046**funding-rounds/539c502a32c1b44e43bd9276c44a6eab**funding-rounds/4a0e65267a763a6a172f6cafd71cb7dc**funding-rounds/9a3339ee76f38b37305a13bc45dbeba6**funding-rounds/049a00a0ec0a09ac2c3ed91bf51d23ea,**funding-round/542034e9a857d2320d88aff73b6e8a3e**funding-round/8dbd0e78633d49e22f47ae17d40d1239**funding-round/952d3a35d6aa4352006e39b66d9db046**funding-round/539c502a32c1b44e43bd9276c44a6eab**funding-round/4a0e65267a763a6a172f6cafd71cb7dc**funding-round/9a3339ee76f38b37305a13bc45dbeba6**funding-round/049a00a0ec0a09ac2c3ed91bf51d23ea,**venture**seed**seed**venture**venture**venture**venture,**B******A**C**D**E,**************,**2011-04-01**2009-01-01**2010-03-22**2010-04-01**2014-04-27**2014-10-31**2015-04-16,**7**7**7**7**7**7**7,**********2014-04-27**2014-10-31**2015-04-16,**********7**7**7,**10700000**1500000****5000000**42750000**120000000**160000000,**USD**USD**USD**USD**USD**USD**USD,**10700000**1500000****5000000**42750000**120000000**160000000,**************,**USD**USD**USD**USD**USD**USD**USD,**************,**1302628682**1265711096**1363747101**1270144605**1398652888**1414761180**1429211240,**1429651376**1429652334**1429652125**1429652100**1441704520**1441704364**1441832589
solarcity,**funding-rounds/7d044b46f63ddfdea3da2806f4155f02**funding-rounds/d4c07cd9dea278ca2bbf1d208cd52094**funding-rounds/024ba47327f7248a4c295ceee0917d96**funding-rounds/bf0857805e1d1ddf960b95c55ad482f9**funding-rounds/3aff9d7ae2c80037e00ea6a6eb4ca1f8**funding-rounds/58100d6e6670124f53ec62a207b62409**funding-rounds/6f76a2a15de50e816646f2fdd18188ea**funding-rounds/d38d9c2ff343a584a705f085b04d7749**funding-rounds/2b54de2cc89a2f88e491d7261d47a132**funding-rounds/16be99d5a6d00fa4b96ad491f2c77a6b,**funding-round/7d044b46f63ddfdea3da2806f4155f02**funding-round/d4c07cd9dea278ca2bbf1d208cd52094**funding-round/024ba47327f7248a4c295ceee0917d96**funding-round/bf0857805e1d1ddf960b95c55ad482f9**funding-round/3aff9d7ae2c80037e00ea6a6eb4ca1f8**funding-round/58100d6e6670124f53ec62a207b62409**funding-round/6f76a2a15de50e816646f2fdd18188ea**funding-round/d38d9c2ff343a584a705f085b04d7749**funding-round/2b54de2cc89a2f88e491d7261d47a132**funding-round/16be99d5a6d00fa4b96ad491f2c77a6b,**post_ipo_equity**venture**debt_financing**debt_financing**private_equity**secondary_market**private_equity**private_equity**venture**venture,****d****************e,********************,**2015-11-18**2008-10-30**2013-06-18**2010-01-21**2012-02-29**2011-01-01**2012-04-01**2012-01-01**2006-09-15**2010-01-25,**7**7**7**7**7**4**6**6**7**7,********************,********************,**113000000**30000000**201000000**60000000**81000000****6740000**66000000**10000000**24000000,**USD**USD**USD**USD**USD**USD**USD**USD**USD**USD,**113000000**30000000**201000000**60000000**81000000****6740000**66000000**10000000**24000000,********************,**USD******************,********************,**1447906834**1226089675**1371699272**1264207867**1330575879**1386357232**1383219217**1383378471**1253089337**1264488780,**1447907026**1398009867**1398009873**1398010040**1452128533**1398010057**1398009946**1398010011**1415304434**1398010058
unbounce,**funding-rounds/3d48d64e1f3da1ef2b06c640f70952b0,**funding-round/3d48d64e1f3da1ef2b06c640f70952b0,**venture,**,**,**2011-12-01,**7,**,**,**850000,**USD,**850000,**,**,**,**1322795693,**1426712406
viki,**funding-rounds/d7161196f10440198c8e4f529bb92d7d**funding-rounds/071d36cb2586c2960fb7b5c922c969bf,**funding-round/d7161196f10440198c8e4f529bb92d7d**funding-round/071d36cb2586c2960fb7b5c922c969bf,**venture**venture,**b**a,****,**2011-10-21**2010-12-08,**7**7,****,****,**20000000**4300000,**USD**USD,**20000000**4300000,****,****,****,**1319195663**1291824282,**1398009866**1398010174
ranker,**funding-rounds/02c67bcba63ccfc5164dc0b61ce846f0**funding-rounds/1a2f0b4010917e4afad5c0b17b40a6d7**funding-rounds/0cda1cb5bbd49f139bdfb6c53b184025**funding-rounds/bded8847134392a4be8521a7eddb4b71,**funding-round/02c67bcba63ccfc5164dc0b61ce846f0**funding-round/1a2f0b4010917e4afad5c0b17b40a6d7**funding-round/0cda1cb5bbd49f139bdfb6c53b184025**funding-round/bded8847134392a4be8521a7eddb4b71,**seed**venture**venture**venture,********a,********,**2008-06-01**2010-02-04**2013-06-27**2011-04-04,**7**7**7**7,********,********,**1000000**800000**2000000**1300000,**USD**USD**USD**USD,**1000000**800000**2000000**1300000,********,********,********,**1238521913**1279824951**1372357254**1301936582,**1398009847**1415307681**1415306366**1412304080
8tracks,**funding-rounds/ba2d41db32937c1af3d8beec06cd3269**funding-rounds/ce605492f511807a51fe31fcdefd7712**funding-rounds/b33236a10c1cb51338a5594ce1742104,**funding-round/ba2d41db32937c1af3d8beec06cd3269**funding-round/ce605492f511807a51fe31fcdefd7712**funding-round/b33236a10c1cb51338a5594ce1742104,**seed**venture**debt_financing,******,******,**2012-10-26**2014-08-28**2015-06-11,**7**7**7,******,******,**1500000**1279980**2500000,**USD**USD**USD,**1500000**1279980**2500000,****1418560**,**USD**USD**USD,****1418560**,**1351284488**1409283493**1434028422,**1409295040**1416336939**1434084242
zulily,**funding-rounds/231238fae1987c6c11b45ef6c2f12d2c**funding-rounds/c1175b564b8b82aabf53839234e4bc39**funding-rounds/80316213cd2b73841ca57592b838b01a**funding-rounds/fe4ecba4141a1b51886811cebd1f91b8,**funding-round/231238fae1987c6c11b45ef6c2f12d2c**funding-round/c1175b564b8b82aabf53839234e4bc39**funding-round/80316213cd2b73841ca57592b838b01a**funding-round/fe4ecba4141a1b51886811cebd1f91b8,**venture**venture**venture**venture,**a**b**c**D,********,**2009-12-17**2010-08-04**2011-08-11**2012-11-15,**7**7**7**7,********,********,**4600000**6000000**43000000**85000000,**USD**USD**USD**USD,**4600000**6000000**43000000**85000000,********,********USD,********,**1261085330**1280924560**1313041308**1353034775,**1398009801**1398009850**1398009958**1438130801
criteo,**funding-rounds/cab25a7eb078862ae7597842207a5ad3**funding-rounds/cd651d3cbc3fe57366e116d0a4d8999a**funding-rounds/854db453f2ea77d34cd6a84611af0286**funding-rounds/2788d5bae01369aa4c9cc2f802bc5b69,**funding-round/cab25a7eb078862ae7597842207a5ad3**funding-round/cd651d3cbc3fe57366e116d0a4d8999a**funding-round/854db453f2ea77d34cd6a84611af0286**funding-round/2788d5bae01369aa4c9cc2f802bc5b69,**venture**venture**venture**venture,**a**b**d**c,********,**2006-04-01**2008-01-01**2012-09-25**2010-05-06,**7**7**7**7,********,********,**6600000**10400000**40000000**6360000,**USD**USD**USD**USD,**6600000**10400000**40000000**6360000,********,********,********,**1201261102**1201261221**1348637398**1273167154,**1398010115**1444969500**1427414975**1398010173
skillshare,**funding-rounds/1fc4c4af3e4f7c98c1b091830408a14d**funding-rounds/ea119051aeec07348ff77b17e74636a9**funding-rounds/3a513570ca6f75f531c10b022839a313**funding-rounds/893a767186d378416529c6a6678b55c8,**funding-round/1fc4c4af3e4f7c98c1b091830408a14d**funding-round/ea119051aeec07348ff77b17e74636a9**funding-round/3a513570ca6f75f531c10b022839a313**funding-round/893a767186d378416529c6a6678b55c8,**venture**venture**venture**venture,****a**a**,********,**2013-01-31**2011-05-01**2011-08-16**2014-02-28,**7**7**7**7,********,********,**1000000**550000**3100000**6100168,**USD**USD**USD**USD,**1000000**550000**3100000**6100168,********,********,********,**1359697928**1304466358**1313579865**1393561523,**1415307052**1443991624**1398009983**1429826831
angellist,**funding-rounds/1787e62c60fff96cb04aee23e1749ef4**funding-rounds/fdbb3ad37f6904b3a1eba186144bbcda**funding-rounds/69574c6b50203074d0c4883f8a75a99a**funding-rounds/8bc83e7faffbe94adadb4e5c101ca868**funding-rounds/6402dd5bfde370a433088700f23350c3**funding-rounds/ff5a2ea76e01ab1e1d7fd5bf2a04dba9**funding-rounds/3ce1af57c16f1bb1f74532b19319fc5c,**funding-round/1787e62c60fff96cb04aee23e1749ef4**funding-round/fdbb3ad37f6904b3a1eba186144bbcda**funding-round/69574c6b50203074d0c4883f8a75a99a**funding-round/8bc83e7faffbe94adadb4e5c101ca868**funding-round/6402dd5bfde370a433088700f23350c3**funding-round/ff5a2ea76e01ab1e1d7fd5bf2a04dba9**funding-round/3ce1af57c16f1bb1f74532b19319fc5c,**venture**venture**venture**venture**venture**venture**seed,**A**********B**,**************,**2012-06-01**2014-06-05**2014-05-09**2014-03-27**2014-02-14**2013-09-22**2013-07-22,**7**7**7**7**7**7**7,**************,**************,************24000000**100000,**USD**USD**USD**USD**USD**USD**USD,************24000000**100000,**************,**USD**USD**USD**USD**USD**USD**USD,**************,**1451376810**1448275310**1448275126**1448274137**1448273019**1399333083**1400929633,**1451376834**1448275311**1448275127**1448274138**1448273020**1443501118**1447840196
tokopedia,**funding-rounds/648477a82c33aa656531ab4b16d0cb7e**funding-rounds/6311b863167657ceacab7caf0952770d**funding-rounds/1603c004d653aee50071b6ceb4077363**funding-rounds/805e0c693ff2f1010e7375f60717ffbd**funding-rounds/ae1cdb6d0f045dc1fa0de283c51aeeaa,**funding-round/648477a82c33aa656531ab4b16d0cb7e**funding-round/6311b863167657ceacab7caf0952770d**funding-round/1603c004d653aee50071b6ceb4077363**funding-round/805e0c693ff2f1010e7375f60717ffbd**funding-round/ae1cdb6d0f045dc1fa0de283c51aeeaa,**venture**venture**venture**venture**venture,**A**b**C**D**E,**********,**2010-03-15**2011-04-19**2012-04-04**2013-06-12**2014-10-21,**7**7**7**7**7,**********,**********,**********100000000,**USD**USD**USD**USD**USD,**********100000000,**********,**USD****USD**USD**USD,**********,**1370967110**1370967110**1370967110**1371032909**1413959167,**1413982447**1398010164**1413982347**1413982374**1420281280
waze,**funding-rounds/a135f5b7c17eb9ea48120fa37baba5b6**funding-rounds/a9c915d6eaa834a8be2cd3ecc6defc71**funding-rounds/dc0ee7309fc583d4cfa12d05d1a34855,**funding-round/a135f5b7c17eb9ea48120fa37baba5b6**funding-round/a9c915d6eaa834a8be2cd3ecc6defc71**funding-round/dc0ee7309fc583d4cfa12d05d1a34855,**venture**venture**venture,**c**a**b,******,**2011-10-18**2008-03-01**2010-12-08,**7**7**7,******,******,**30000000**12000000**25000000,**USD**USD**USD,**30000000**12000000**25000000,******,******,******,**1318987611**1260906110**1291870107,**1398009850**1398010163**1426028812
myntra,**funding-rounds/34969111745088e6b66c30381da96d10**funding-rounds/d7a04ce178d3b08fa6b5d2615cce0d8e**funding-rounds/65f2f52fa05db3ea45d600f553b7e36f**funding-rounds/0bc82f48d0700bd74c155ef6becc3a74**funding-rounds/b39cd96ddb36b2e918fe8ea9fd25f1a7**funding-rounds/eb9bbb874c5c8efe9f34291e98132727**funding-rounds/3ef2b03cbe6e2619dccccd7c8a645c30**funding-rounds/20a34fbb678953eb8ac38f909691fd2d**funding-rounds/f54c00f0bf314c8709f46c32d29018b7,**funding-round/34969111745088e6b66c30381da96d10**funding-round/d7a04ce178d3b08fa6b5d2615cce0d8e**funding-round/65f2f52fa05db3ea45d600f553b7e36f**funding-round/0bc82f48d0700bd74c155ef6becc3a74**funding-round/b39cd96ddb36b2e918fe8ea9fd25f1a7**funding-round/eb9bbb874c5c8efe9f34291e98132727**funding-round/3ef2b03cbe6e2619dccccd7c8a645c30**funding-round/20a34fbb678953eb8ac38f909691fd2d**funding-round/f54c00f0bf314c8709f46c32d29018b7,**venture**venture**venture**seed**venture**venture**venture**venture**venture,****b**a******e**d**c**b,******************,**2014-01-31**2011-03-04**2008-11-04**2007-01-01**2013-05-31**2013-02-01**2012-05-01**2011-08-01**2010-07-01,**7**7**7**4**7**6**6**6**6,******************,******************,**50000000**14000000**5000000****25000000**8000000**25000000**20750000**11000000,**USD**USD**USD**USD**USD**USD**USD**USD**USD,**50000000**14000000**5000000****25000000**8000000**25000000**20750000**11000000,******************,******************,******************,**1391190629**1391194371**1391194476**1391194539**1370229661**1394703330**1394704236**1394705111**1394708684,**1426712582**1398009888**1398009889**1398009889**1415303894**1398010208**1398010211**1398010216**1398010229
zomato,**funding-rounds/b01098be2ac6c71ebcae21f493d63bd9**funding-rounds/8869c11c6616b82e93dd2bd0866db5d0**funding-rounds/aab4a9c1d87a9c6b157423959867e07d**funding-rounds/eae4038d9410c18f397d6ba880bee696**funding-rounds/ac675bada73c4108cebad4681d55a209**funding-rounds/9aa69621dc90860eaa4c5ad2f4581e89**funding-rounds/ddbcd991c19e5b12e84141baccf765a5**funding-rounds/9776af710515a4addba87e9b869a5ea3,**funding-round/b01098be2ac6c71ebcae21f493d63bd9**funding-round/8869c11c6616b82e93dd2bd0866db5d0**funding-round/aab4a9c1d87a9c6b157423959867e07d**funding-round/eae4038d9410c18f397d6ba880bee696**funding-round/ac675bada73c4108cebad4681d55a209**funding-round/9aa69621dc90860eaa4c5ad2f4581e89**funding-round/ddbcd991c19e5b12e84141baccf765a5**funding-round/9776af710515a4addba87e9b869a5ea3,**venture**venture**venture**venture**venture**venture**venture**venture,**E****a**d**b**c**F**G,****************,**2014-11-18**2010-08-01**2011-09-01**2013-11-06**2012-09-01**2013-02-21**2015-04-10**2015-09-07,**7**6**6**7**7**7**7**7,****************,****************,**60000000**1000000**3500000**37000000**2300000**10000000**50000000**60000000,**USD**USD**USD**USD**USD**USD**USD**USD,**60000000**1000000**3500000**37000000**2300000**10000000**50000000**60000000,**600000000**************,**USD************USD**USD,**600000000**************,**1416368553**1383750234**1383750193**1383732710**1282792602**1361500826**1428899264**1441628568,**1432270465**1417562226**1417562229**1417562232**1417562237**1417562241**1429826995**1441683725
wetpaint,**funding-rounds/06c1218c7e15a01dc27742f07a2b3743**funding-rounds/9bb86e435e9374d1d52c39e9cecfb648**funding-rounds/6e02dcbf49e197f48ad7ca6888a4982f,**funding-round/06c1218c7e15a01dc27742f07a2b3743**funding-round/9bb86e435e9374d1d52c39e9cecfb648**funding-round/6e02dcbf49e197f48ad7ca6888a4982f,**venture**venture**venture,**a**b**c,******,**2005-10-01**2007-01-01**2008-05-19,**7**7**7,******,******,**5250000**9500000**25000000,**USD**USD**USD,**5250000**9500000**25000000,******,******,******,**1194397303**1194397501**1211168357,**1398009990**1398009991**1398009920
nationbuilder,**funding-rounds/d8f28c19efe286b4261e3ce13b320151**funding-rounds/a0cbc1e96f04e0436b32ffc92728370b**funding-rounds/d70167aca69bb3a9dc150d8dae69ad90,**funding-round/d8f28c19efe286b4261e3ce13b320151**funding-round/a0cbc1e96f04e0436b32ffc92728370b**funding-round/d70167aca69bb3a9dc150d8dae69ad90,**venture**seed**venture,**a****b,******,**2012-03-08**2011-05-11**2013-06-06,**7**7**7,******,******,**6250000**500000**8000000,**USD**USD**USD,**6250000**500000**8000000,******,****USD**,******,**1331380675**1332263261**1370519116,**1398010027**1419131334**1398010100
songza,**funding-rounds/7ef22c08bbb14323df37d010fd34d572**funding-rounds/5afe738b862993660ae3b419555c2cc5,**funding-round/7ef22c08bbb14323df37d010fd34d572**funding-round/5afe738b862993660ae3b419555c2cc5,**venture**venture,****,****,**2013-09-10**2011-09-19,**7**7,****,****,**4700000**2000000,**USD**USD,**4700000**2000000,****,****,****,**1365989284**1316493909,**1415305201**1415306299
skift,**funding-rounds/7a36fd01dcab075d80deb6c7ed49aae0**funding-rounds/cd344e661034a11242db0a82f8ca996f,**funding-round/7a36fd01dcab075d80deb6c7ed49aae0**funding-round/cd344e661034a11242db0a82f8ca996f,**seed**seed,****,****,**2013-08-16**2013-05-15,**7**7,****,****,****1100000,**USD**USD,****1100000,****,****,****,**1376887514**1368672450,**1398009876**1422318087
zoosk,**funding-rounds/9c6df7e1857975828a01425574e8fc54**funding-rounds/8f8947b27194537e3c03b9c1ea3ab10c**funding-rounds/a1cb09b7b62d59b6efa5b2c349b4fde0**funding-rounds/e0088ce93e5e19e2bb34b13890091348**funding-rounds/9ee06c906f055eb3ed84ccd32f17df63**funding-rounds/fbf05a4c38c50d891afc84e84e30f677,**funding-round/9c6df7e1857975828a01425574e8fc54**funding-round/8f8947b27194537e3c03b9c1ea3ab10c**funding-round/a1cb09b7b62d59b6efa5b2c349b4fde0**funding-round/e0088ce93e5e19e2bb34b13890091348**funding-round/9ee06c906f055eb3ed84ccd32f17df63**funding-round/fbf05a4c38c50d891afc84e84e30f677,**venture**venture**venture**venture**venture**seed,**a**b**e**d**c**,************,**2007-11-01**2008-06-12**2012-01-01**2009-11-25**2009-06-13**2007-03-01,**7**7**7**7**7**6,************,************,**400000**4100000**21100000**30000000**6000000**,**USD**USD**USD**USD**USD**USD,**400000**4100000**21100000**30000000**6000000**,************,************,************,**1256086362**1213723504**1380155820**1259860398**1245017893**1395786403,**1398009918**1398009994**1398009984**1398010082**1398010077**1398010148
